{"(8, 1, 1, 0, 0)": [58.76455064860836, 58.76338382508557, 58.63615601803417], "(3, 11, 1, 0, 0)": [58.75050467619006, 58.71117011119429, 58.72890235506072], "(1, 6, 1, 1, 1)": [47.95926019327977, 49.814006892406425, 0.0], "(7, 1, 0, 0, 0)": [58.7519037699521, 58.28470756247713, 58.74854975641426], "(6, 1, 1, 0, 0)": [58.7626421687456, 58.668787127450216, 58.75907255939591], "(5, 6, 0, 0, 0)": [58.61909889176263, 58.627304817652096, 58.649653230660945], "(8, 1, 0, 0, 0)": [58.760461444844715, 58.396306542965135, 58.71786085487701], "(7, 1, 1, 0, 0)": [58.69094085068056, 58.620752582762364, 58.69870153851616], "(10, 1, 1, 0, 0)": [58.69642805471089, 58.55713144704866, 58.6173888364239], "(5, 1, 1, 0, 0)": [58.75673658028337, 58.765865537963045, 58.761007217481506], "(2, 14, 1, 0, 0)": [58.69552387007075, 58.2492074645681, 58.63374060647576], "(3, 11, 0, 0, 0)": [58.73268072088962, 58.69390119170245, 58.61545114827414], "(0, 6, 1, 0, 0)": [58.75994559876847, 58.7267349645605, 58.75276012352891], "(0, 11, 1, 0, 0)": [58.74877331636234, 58.75205072465526, 58.750415230892294], "(4, 12, 0, 0, 0)": [58.71648793804255, 58.69663949647801, 58.65040467465825], "(5, 6, 1, 0, 0)": [77.99039016754354, 74.22518715330568, 84.85411078468815], "(9, 1, 0, 0, 0)": [58.738355550060135, 58.768205417783925, 58.75515492651653], "(6, 1, 0, 0, 0)": [58.76627160738533, 58.75968852324915, 58.738318569102226], "(4, 7, 1, 0, 0)": [58.56331658805022, 58.73521711519495, 58.680260423969486], "(10, 1, 0, 0, 0)": [58.65893959092649, 58.03070568039971, 58.428101651946214], "(5, 3, 0, 0, 0)": [58.72658743078034, 57.8189638060684, 58.65709918223449], "(2, 6, 0, 0, 0)": [58.76427248319272, 58.719857675295344, 58.75022641737069], "(3, 6, 0, 0, 0)": [58.677558836692064, 58.75725912107706, 58.71239981586862], "(3, 7, 1, 0, 0)": [58.676779356651735, 58.67798290484698, 58.61216887387116], "(2, 16, 0, 0, 0)": [58.68758893726266, 58.70148328342689, 58.517098018283164], "(2, 11, 1, 0, 0)": [58.76783238854719, 58.762777865733646, 58.742258586425926], "(3, 12, 0, 0, 0)": [58.732508442275176, 58.732378449357995, 58.73381861914234], "(2, 11, 0, 0, 0)": [58.72560033645566, 58.64295376869335, 58.763761432643285], "(4, 11, 1, 0, 0)": [57.529896056472, 58.76323458254914, 58.398283617377196], "(9, 1, 1, 0, 0)": [58.76118883292735, 58.76083340961866, 58.74154798877668], "(3, 12, 1, 0, 0)": [58.57327056136848, 58.73368699585949, 58.75264687186738], "(1, 6, 1, 0, 0)": [58.76796984488165, 58.736807584209984, 58.768996015063315], "(1, 11, 1, 0, 0)": [58.692250350599316, 58.76152791101095, 58.73854257195601], "(3, 16, 1, 0, 0)": [57.70979293442554, 58.467568483944774, 57.2381999115298], "(4, 4, 1, 0, 0)": [58.73935178020581, 58.702379073359936, 58.721342296048796], "(1, 6, 0, 0, 0)": [58.75906515182366, 58.75396793786094, 58.749458538529794], "(1, 11, 0, 0, 0)": [58.752592966796946, 58.75132085894432, 58.62322381295106], "(5, 4, 0, 0, 0)": [58.71537438014714, 58.69545295966125, 58.76073430861776], "(1, 14, 1, 0, 0)": [55.592364469262144, 55.260641045464574, 58.54262236187915], "(3, 14, 0, 0, 0)": [58.576665931453455, 57.96661517415611, 58.46908335250241], "(2, 14, 0, 0, 0)": [58.75993474411944, 58.73937518539199, 58.68468653934723], "(0, 14, 1, 0, 0)": [37.86912557222196, 56.69032164340156, 58.75867230931665], "(5, 1, 0, 0, 0)": [58.75677500134376, 58.724333570119086, 58.757465754632115], "(2, 16, 1, 0, 0)": [58.746076987230495, 58.61992895842527, 58.11290561901226], "(2, 6, 1, 0, 0)": [58.55205706266945, 58.751406135227505, 58.75991930884573], "(0, 11, 0, 0, 0)": [58.72579893410401, 58.74378373739092, 58.748030449023275], "(3, 6, 1, 0, 0)": [58.74247435953933, 58.68765751005974, 58.75952527442091], "(3, 16, 0, 0, 0)": [58.01999701856788, 58.098703741611985, 58.18787149661607], "(4, 7, 0, 0, 0)": [58.27344688120424, 58.63862392507866, 58.64423732284286], "(4, 4, 0, 0, 0)": [58.49974401018014, 58.657431316906376, 58.73304920396901], "(5, 4, 1, 0, 0)": [58.769334074335006, 58.675006814509565, 58.48739576361348], "(0, 6, 0, 0, 0)": [58.75819922086707, 58.70695779324692, 58.70037731011382], "(3, 4, 0, 0, 0)": [45.888446814565995, 49.08600742421949, 46.899589432662964], "(4, 6, 0, 0, 0)": [58.75578655502718, 58.76361931773877, 58.75404137387917], "(5, 3, 1, 0, 0)": [58.72180769790382, 58.745308230803175, 58.739972707537255], "(5, 8, 1, 0, 0)": [57.20005892987042, 47.49205790700621, 59.10655730580783], "(5, 11, 1, 0, 0)": [58.61626127674131, 58.68130111280064, 58.68681252370718], "(1, 16, 0, 0, 0)": [58.37175551307822, 56.41935807092224, 58.68511193668623], "(4, 3, 0, 0, 0)": [58.461805650580125, 58.73020864996089, 58.73483703943166], "(4, 6, 1, 0, 0)": [55.32720855235787, 57.918705829633154, 58.58382773359509], "(4, 11, 0, 0, 0)": [58.623803897186036, 58.5937759923178, 58.50524002434481], "(1, 14, 0, 0, 0)": [53.871454917360744, 58.25878110919577, 58.25361738486724], "(4, 3, 1, 0, 0)": [58.42175566905121, 58.51838424433984, 58.69419070916774], "(5, 12, 1, 0, 0)": [57.815407770223615, 56.96965040980709, 47.42745834905852], "(3, 7, 0, 0, 0)": [57.978608533278624, 58.631529129716654, 58.476613019553646], "(4, 12, 1, 0, 0)": [58.296571183642584, 58.55072703167274, 58.500906433698106], "(5, 12, 0, 0, 0)": [55.28330155188172, 57.05505855889182, 56.80704186376211], "(5, 7, 1, 0, 0)": [56.47614010990646, 38.57729043899916, 56.972275337088334], "(0, 16, 1, 0, 0)": [54.0742141264251, 45.36926908419058, 57.57647337186032], "(3, 14, 1, 0, 0)": [58.04409870409155, 45.04341704644719, 57.11267818367144], "(4, 2, 0, 0, 0)": [53.28667254746635, 38.82091249858212, 56.59460749869853], "(3, 4, 1, 0, 0)": [54.3716823877653, 42.667906919411365, 58.25991448561472], "(1, 16, 1, 0, 0)": [51.79854056846631, 53.549744539458935, 57.41315956764115], "(5, 5, 1, 0, 0)": [34.776240226105934, 57.05475646580582, 40.728091076291044], "(3, 13, 1, 0, 0)": [45.071760482808145, 50.9923195026684, 53.867721787599365], "(3, 10, 0, 0, 0)": [52.970350282893826, 34.89295318547079, 54.34423717156806], "(0, 15, 1, 0, 0)": [26.047927610361327, 55.788356107954556, 55.22407643994826], "(3, 11, 1, -1, -1)": [53.29689761005461, 62.8081188958367, 0.0], "(1, 6, 1, -1, -1)": [42.94345667179452, 65.04837416782868, 0.0], "(6, 1, 1, -1, -1)": [47.180967257555906, 55.16056460088639, 0.0], "(3, 11, 1, 1, 1)": [50.50584522750254, 54.21252028702955, 0.0], "(7, 1, 0, 1, -1)": [26.929734214444586, 51.05549729230161, 0.0], "(7, 1, 0, -1, 1)": [49.06580009669208, 43.37529906172429, 0.0], "(7, 1, 0, -1, -1)": [51.96782446991945, 71.04922081261925, 0.0], "(8, 1, 1, -1, -1)": [40.236885066755285, 40.561765190772114, 0.0], "(6, 1, 1, 1, 1)": [36.943806436580374, 40.91795455752789, 0.0], "(5, 6, 0, -1, 1)": [44.05641062817794, 41.04163280607028, 0.0], "(5, 6, 0, 1, -1)": [45.44144314233564, 52.956663183050175, 0.0], "(8, 1, 0, 1, -1)": [50.819458699539936, 37.352283736484225, 0.0], "(7, 1, 1, -1, -1)": [34.20789889242562, 53.91752100203977, 0.0], "(8, 1, 0, -1, 1)": [47.546427319522365, 28.798481537009582, 0.0], "(8, 1, 1, 1, 1)": [26.68444174439899, 30.203542644976523, 0.0], "(7, 1, 1, 1, 1)": [39.326723629448345, 31.789856521782013, 0.0], "(10, 1, 1, -1, -1)": [23.104114250734906, 69.1451826660506, 0.0], "(5, 1, 1, -1, -1)": [75.38651402202953, 42.420632658010305, 0.0], "(2, 14, 1, -1, -1)": [33.05696198294289, 23.224680992164622, 0.0], "(3, 11, 0, -1, -1)": [34.797605247265764, 8.118216977337863, 0.0], "(0, 6, 1, -1, -1)": [31.80033813851243, 8.892249030890403, 0.0], "(10, 1, 1, 1, 1)": [42.44276852637919, 33.22593527259112, 0.0], "(5, 1, 1, 1, 1)": [38.52475493654222, 42.704621445875, 0.0], "(3, 11, 0, -1, 1)": [16.78368600897392, 0.0, 0.0], "(2, 14, 1, 1, 1)": [59.148004737091135, 17.23442712230425, 0.0], "(5, 6, 0, -1, -1)": [43.6268262729154, 128.79341421438534, 0.0], "(3, 11, 0, 1, -1)": [17.28985886676853, 0.0, 0.0], "(3, 11, 0, 1, 1)": [50.893052607813075, 9.506872092656295, 0.0], "(0, 6, 1, 1, 1)": [41.45495314731967, 19.729696203911956, 0.0],